Detector,Agrees with Final decisions,Agreement Ratio
Detector alex,1280,0.647118301314459
Detector CoDE,1002,0.506572295247725
Detector abdel,900,0.455005055611729
Detector andy,753,0.3806875631951466
Detector amine,705,0.3564206268958544
Detector fr,1202,0.6076845298281092
Detector fs,1329,0.6718907987866531
Detector df40,1315,0.6648129423660263
