Detector,Agrees with Both,Agreement Ratio
Detector alex,715,0.3614762386248736
Detector CoDE,574,0.2901921132457027
Detector abdel,492,0.2487360970677452
Detector andy,424,0.21435793731041455
Detector amine,351,0.17745197168857432
Detector fr,708,0.3579373104145602
Detector fs,740,0.3741152679474216
Detector df40,764,0.3862487360970677
